{"cameraMode":{"drawMode":0,"name":"Shaded","section":"Shading Mode"},"sceneLighting":false,"audioPlay":false,"sceneViewState":{"showFog":true,"showMaterialUpdate":false,"showSkybox":true,"showFlares":true,"showImageEffects":true,"showParticleSystems":true,"showVisualEffectGraphs":true,"m_FxEnabled":true},"in2DMode":false,"pivot":{"x":23.01178550720215,"y":26.291545867919923,"z":-17.62375831604004},"rotation":{"x":0.042827408760786059,"y":0.6795932054519653,"z":-0.7312560081481934,"w":0.039801497012376788},"size":31.634586334228517,"orthographic":false}